turn,population,disasters
1,60,0
2,60,0
3,60,0
4,60,0
5,60,0
6,60,0
7,60,0
8,60,0
9,60,0
10,60,0
11,60,0
12,60,0
13,60,0
14,60,0
15,60,0
16,60,0
17,60,0
18,60,0
19,60,0
20,60,0
21,60,0
22,60,1
23,60,1
24,60,1
25,60,1
26,60,1
27,60,1
28,60,1
29,60,1
30,60,1
31,60,2
32,60,2
33,60,2
34,60,2
35,60,2
36,60,2
37,60,1
38,60,1
39,60,1
40,60,1
41,60,1
42,60,1
43,60,1
44,60,1
45,60,1
46,60,1
47,60,1
48,60,1
49,60,1
50,60,1
51,60,1
52,60,1
53,60,1
54,60,1
55,60,2
56,60,2
57,60,2
58,60,2
59,60,2
60,60,1
61,60,1
62,60,1
63,60,1
64,60,1
65,60,1
66,60,1
67,60,1
68,60,1
69,60,1
70,60,1
71,60,0
72,60,0
73,60,0
74,60,0
75,60,0
76,60,0
77,60,0
78,60,0
79,60,0
80,60,0
81,60,0
82,60,0
83,60,0
84,60,0
85,60,0
86,60,0
87,60,0
88,60,0
89,60,0
90,60,0
91,60,0
92,60,0
93,60,0
94,60,0
95,60,0
96,60,0
97,60,0
98,60,0
99,60,0
100,60,0
101,60,0
102,60,0
103,60,1
104,60,1
105,60,1
106,60,1
107,60,1
108,60,2
109,60,2
110,60,2
111,60,2
112,60,2
113,60,2
114,60,2
115,60,2
116,60,2
117,60,2
118,60,2
119,60,1
120,60,1
121,60,1
122,60,1
123,60,1
124,60,1
125,60,1
126,60,1
127,60,1
128,60,1
129,60,1
130,60,1
131,60,1
132,60,1
133,60,1
134,60,0
135,60,1
136,60,1
137,60,1
138,60,1
139,60,1
140,60,1
141,60,1
142,60,1
143,60,1
144,60,1
145,60,1
146,60,1
147,60,1
148,60,0
149,60,0
150,60,0
151,60,0
152,60,0
153,60,0
154,60,0
155,60,0
156,60,0
157,60,0
158,60,0
159,60,0
160,60,0
161,60,0
162,60,0
163,60,0
164,60,0
165,60,0
166,60,0
167,60,0
168,60,0
169,60,1
170,60,1
171,60,0
172,60,0
173,60,0
174,60,0
175,60,0
176,60,0
177,60,0
178,60,0
179,60,0
180,60,0
181,60,0
182,60,0
183,60,0
184,60,0
185,60,0
186,60,0
187,60,0
188,60,0
189,60,0
190,60,0
191,60,0
192,60,0
193,60,0
194,60,0
195,60,0
196,60,0
197,60,0
198,60,0
199,60,0
200,60,0
201,60,0
202,60,0
203,60,0
204,60,0
205,60,0
206,60,0
207,60,0
208,60,0
209,60,0
210,60,0
211,60,0
212,60,0
213,60,0
214,60,0
215,60,0
216,60,0
217,60,0
218,60,0
219,60,0
220,60,0
221,60,0
222,60,0
223,60,0
224,60,0
225,60,0
226,60,0
227,60,0
228,60,0
229,60,0
230,60,0
231,60,0
232,60,0
233,60,0
234,60,0
235,60,0
236,60,0
237,60,0
238,60,0
239,60,0
240,60,0
241,60,0
242,60,0
243,60,0
244,60,0
245,60,0
246,60,0
247,60,0
248,60,0
249,60,0
250,60,0
251,60,0
252,60,0
253,60,0
254,60,0
255,60,0
256,60,0
257,60,0
258,60,0
259,60,0
260,60,0
261,60,0
262,60,0
263,60,0
264,60,0
265,60,0
266,60,0
267,60,0
268,60,0
269,60,0
270,60,0
271,60,0
272,60,0
273,60,0
274,60,0
275,60,0
276,60,0
277,60,0
278,60,0
279,60,0
280,60,0
281,60,0
282,60,0
283,60,0
284,60,0
285,60,0
286,60,0
287,60,0
288,60,0
289,60,0
290,60,0
291,60,0
292,60,0
293,60,0
294,60,0
295,60,0
296,60,0
297,60,0
298,60,0
299,60,0
300,60,0
301,60,0
302,60,0
303,60,0
304,60,0
305,60,0
306,60,0
307,60,0
308,60,0
309,60,0
310,60,0
311,60,0
312,60,0
313,60,0
314,60,0
315,60,0
316,60,0
317,60,0
318,60,0
319,60,0
320,60,0
321,60,0
322,60,0
323,60,0
324,60,0
325,60,0
326,60,0
327,60,0
328,60,0
329,60,0
330,60,0
331,60,0
332,60,0
333,60,0
334,60,0
335,60,0
336,60,0
337,60,0
338,60,0
339,60,0
340,60,0
341,60,0
342,60,0
343,60,0
344,60,0
345,60,0
346,60,0
347,60,0
348,60,0
349,60,0
350,60,0
351,60,0
352,60,0
353,60,0
354,60,0
355,60,0
356,60,0
357,60,0
358,60,0
359,60,0
360,60,0
361,60,0
362,60,0
363,60,0
364,60,0
365,60,0
366,60,0
367,60,0
368,60,0
369,60,0
370,60,0
371,60,0
372,60,0
373,60,0
374,60,0
375,60,0
376,60,0
377,60,0
378,60,0
379,60,0
380,60,0
381,60,0
382,60,0
383,60,0
384,60,0
385,60,0
386,60,0
387,60,0
388,60,0
389,60,0
390,60,0
391,60,0
392,60,0
393,60,0
394,60,0
395,60,0
396,60,0
397,60,0
398,60,0
399,60,0
400,60,0
401,60,0
402,60,0
403,60,0
404,60,0
405,60,0
406,60,0
407,60,0
408,60,0
409,60,0
410,60,0
411,60,0
412,60,0
413,60,0
414,60,0
415,60,0
416,60,0
417,60,0
418,60,0
419,60,0
420,60,0
421,60,0
422,60,0
423,60,0
424,60,0
425,60,0
426,60,0
427,60,0
428,60,0
429,60,0
430,60,0
431,60,0
432,60,0
433,60,0
434,60,0
435,60,0
436,60,0
437,60,0
438,60,0
439,60,0
440,60,0
441,60,0
442,60,0
443,60,0
444,60,0
445,60,1
446,60,1
447,60,1
448,60,2
449,60,2
450,60,2
451,60,2
452,60,1
453,60,1
454,60,1
455,60,1
456,60,1
457,60,1
458,60,1
459,60,1
460,60,1
461,60,1
462,60,2
463,60,2
464,60,2
465,60,2
466,60,2
467,60,2
468,60,2
469,60,1
470,60,1
471,60,1
472,60,1
473,60,1
474,60,1
475,60,1
476,60,1
477,60,1
478,60,1
479,60,1
480,60,1
481,60,1
482,60,1
483,60,1
484,60,1
485,60,1
486,60,1
487,60,1
488,60,1
489,60,1
490,60,1
491,60,1
492,60,0
493,60,0
494,60,0
495,60,1
496,60,1
497,60,1
498,60,1
499,60,1
500,60,1
501,60,1
502,60,1
503,60,1
504,60,1
505,60,0
506,60,0
507,60,0
508,60,0
509,60,0
510,60,0
511,60,0
512,60,0
513,60,0
514,60,0
515,60,0
516,60,0
517,60,0
518,60,0
519,60,0
520,60,0
521,60,0
522,60,0
523,60,0
524,60,0
525,60,0
526,60,0
527,60,0
528,60,0
529,60,0
530,60,0
531,60,0
532,60,0
533,60,0
534,60,0
535,60,0
536,60,0
537,60,0
538,60,0
539,60,0
540,60,0
541,60,0
542,60,0
543,60,0
544,60,0
545,60,0
546,60,0
547,60,0
548,60,0
549,60,0
550,60,0
551,60,0
552,60,0
553,60,0
554,60,0
555,60,0
556,60,0
557,60,0
558,60,0
559,60,0
560,60,0
561,60,0
562,60,0
563,60,0
564,60,0
565,60,0
566,60,0
567,60,0
568,60,0
569,60,0
570,60,0
571,60,0
572,60,0
573,60,0
574,60,0
575,60,0
576,60,0
577,60,0
578,60,0
579,60,0
580,60,0
581,60,0
582,60,0
583,60,0
584,60,0
585,60,0
586,60,0
587,60,0
588,60,0
589,60,0
590,60,0
591,60,0
592,60,0
593,60,0
594,60,0
595,60,0
596,60,0
597,60,0
598,60,0
599,60,0
600,60,0
601,60,0
602,60,0
603,60,0
604,60,0
605,60,0
606,60,0
607,60,0
608,60,0
609,60,0
610,60,0
611,60,0
612,60,0
613,60,0
614,60,0
615,60,0
616,60,0
617,60,0
618,60,0
619,60,0
620,60,0
621,60,0
622,60,0
623,60,0
624,60,0
625,60,0
626,60,0
627,60,0
628,60,0
629,60,0
630,60,0
631,60,0
632,60,0
633,60,0
634,60,0
635,60,0
636,60,0
637,60,0
638,60,0
639,60,0
640,60,0
641,60,0
642,60,0
643,60,0
644,60,0
645,60,0
646,60,0
647,60,0
648,60,0
649,60,0
650,60,0
651,60,0
652,60,0
653,60,0
654,60,0
655,60,0
656,60,0
657,60,0
658,60,0
659,60,0
660,60,0
661,60,0
662,60,0
663,60,0
664,60,0
665,60,0
666,60,0
667,60,0
668,60,0
669,60,0
670,60,0
671,60,0
672,60,0
673,60,0
674,60,0
675,60,0
676,60,0
677,60,0
678,60,0
679,60,0
680,60,0
681,60,0
682,60,0
683,60,0
684,60,0
685,60,0
686,60,0
687,60,0
688,60,0
689,60,0
690,60,0
691,60,0
692,60,1
693,60,1
694,60,1
695,60,1
696,60,0
697,60,0
698,60,0
699,60,0
700,60,0
701,60,0
702,60,0
703,60,0
704,60,0
705,60,1
706,60,1
707,60,1
708,60,1
709,60,1
710,60,1
711,60,1
712,60,1
713,60,1
714,60,1
715,60,1
716,60,1
717,60,0
718,60,0
719,60,1
720,60,1
721,60,1
722,60,1
723,60,1
724,60,1
725,60,1
726,60,1
727,60,1
728,60,1
729,60,1
730,60,1
731,60,1
732,60,1
733,60,1
734,60,1
735,60,1
736,60,0
737,60,0
738,60,0
739,60,0
740,60,0
741,60,0
742,60,0
743,60,0
744,60,0
745,60,0
746,60,0
747,60,0
748,60,0
749,60,0
750,60,0
751,60,0
752,60,0
753,60,0
754,60,0
755,60,0
756,60,0
757,60,0
758,60,0
759,60,0
760,60,0
761,60,0
762,60,0
763,60,0
764,60,0
765,60,0
766,60,0
767,60,0
768,60,0
769,60,0
770,60,0
771,60,0
772,60,0
773,60,0
774,60,0
775,60,0
776,60,0
777,60,0
778,60,0
779,60,0
780,60,0
781,60,0
782,60,0
783,60,0
784,60,0
785,60,0
786,60,1
787,60,1
788,60,1
789,60,1
790,60,1
791,60,1
792,60,1
793,60,1
794,60,1
795,60,1
796,60,1
797,60,1
798,60,1
799,60,1
800,60,1
801,60,1
802,60,1
803,60,1
804,60,0
805,60,0
806,60,0
807,60,1
808,60,1
809,60,1
810,60,1
811,60,1
812,60,1
813,60,1
814,60,1
815,60,1
816,60,1
817,60,1
818,60,1
819,60,1
820,60,1
821,60,1
822,60,1
823,60,1
824,60,1
825,60,1
826,60,1
827,60,1
828,60,0
829,60,0
830,60,0
831,60,0
832,60,0
833,60,0
834,60,0
835,60,0
836,60,0
837,60,0
838,60,0
839,60,0
840,60,0
841,60,0
842,60,0
843,60,0
844,60,0
845,60,0
846,60,1
847,60,1
848,60,1
849,60,1
850,60,1
851,60,1
852,60,0
853,60,0
854,60,0
855,60,0
856,60,0
857,60,0
858,60,0
859,60,0
860,60,0
861,60,0
862,60,0
863,60,0
864,60,0
865,60,0
866,60,0
867,60,0
868,60,0
869,60,0
870,60,0
871,60,0
872,60,0
873,60,0
874,60,0
875,60,0
876,60,0
877,60,0
878,60,0
879,60,0
880,60,0
881,60,0
882,60,0
883,60,0
884,60,0
885,60,0
886,60,1
887,60,1
888,60,1
889,60,1
890,60,1
891,60,1
892,60,1
893,60,1
894,60,1
895,60,1
896,60,1
897,60,1
898,60,1
899,60,1
900,60,1
901,60,1
902,60,1
903,60,0
904,60,0
905,60,0
906,60,0
907,60,0
908,60,0
909,60,0
910,60,0
911,60,0
912,60,0
913,60,0
914,60,0
915,60,0
916,60,0
917,60,0
918,60,0
919,60,0
920,60,0
921,60,0
922,60,0
923,60,1
924,60,1
925,60,1
926,60,1
927,60,1
928,60,1
929,60,1
930,60,1
931,60,1
932,60,1
933,60,1
934,60,1
935,60,2
936,60,2
937,60,2
938,60,2
939,60,2
940,60,2
941,60,2
942,60,2
943,60,2
944,60,2
945,60,3
946,60,3
947,60,3
948,60,3
949,60,3
950,60,3
951,60,3
952,60,3
953,60,3
954,60,3
955,60,3
956,60,2
957,60,2
958,60,2
959,60,2
960,60,2
961,60,2
962,60,2
963,60,2
964,60,2
965,60,2
966,60,2
967,60,1
968,60,1
969,60,1
970,60,0
971,60,0
972,60,0
973,60,0
974,60,0
975,60,0
976,60,0
977,60,0
978,60,1
979,60,1
980,60,1
981,60,1
982,60,1
983,60,1
984,60,1
985,60,1
986,60,1
987,60,1
988,60,1
989,60,1
990,60,1
991,60,1
992,60,0
993,60,0
994,60,0
995,60,0
996,60,0
997,60,0
998,60,0
999,60,0
1000,60,0
1001,60,0
1002,60,0
1003,60,0
1004,60,0
1005,60,0
1006,60,0
1007,60,0
1008,60,0
1009,60,0
1010,60,0
1011,60,0
1012,60,0
1013,60,0
1014,60,0
1015,60,0
1016,60,0
1017,60,0
1018,60,0
1019,60,0
1020,60,0
1021,60,0
1022,60,0
1023,60,0
1024,60,0
1025,60,0
1026,60,0
1027,60,0
1028,60,0
1029,60,0
1030,60,0
1031,60,0
1032,60,0
1033,60,0
1034,60,1
1035,60,1
1036,60,1
1037,60,1
1038,60,0
1039,60,0
1040,60,0
1041,60,0
1042,60,0
1043,60,0
1044,60,0
1045,60,0
1046,60,0
1047,60,0
1048,60,0
1049,60,0
1050,60,0
1051,60,0
1052,60,0
1053,60,0
1054,60,0
1055,60,0
1056,60,0
1057,60,0
1058,60,0
1059,60,0
1060,60,0
1061,60,0
1062,60,0
1063,60,0
1064,60,0
1065,60,0
1066,60,0
1067,60,0
1068,60,0
1069,60,0
1070,60,0
1071,60,0
1072,60,0
1073,60,0
1074,60,0
1075,60,0
1076,60,0
1077,60,0
1078,60,0
1079,60,0
1080,60,0
1081,60,0
1082,60,0
1083,60,0
1084,60,0
1085,60,0
1086,60,0
1087,60,0
1088,60,0
1089,60,0
1090,60,0
1091,60,0
1092,60,0
1093,60,0
1094,60,0
1095,60,0
1096,60,0
1097,60,0
1098,60,0
1099,60,0
1100,60,1
1101,60,1
1102,60,1
1103,60,1
1104,60,0
1105,60,0
1106,60,0
1107,60,0
1108,60,0
1109,60,0
1110,60,0
1111,60,0
1112,60,0
1113,60,0
1114,60,0
1115,60,0
1116,60,0
1117,60,0
1118,60,0
1119,60,0
1120,60,0
1121,60,0
1122,60,0
1123,60,0
1124,60,0
1125,60,0
1126,60,1
1127,60,1
1128,60,1
1129,60,1
1130,60,1
1131,60,1
1132,60,1
1133,60,1
1134,60,0
1135,60,0
1136,60,0
1137,60,0
1138,60,0
1139,60,0
1140,60,0
1141,60,1
1142,60,1
1143,60,1
1144,60,1
1145,60,1
1146,60,1
1147,60,1
1148,60,1
1149,60,1
1150,60,0
